{
 "nodes": [
  {
   "id": 9,
   "event_attribute": "",
   "Pattern": "",
   "value": 7058,
   "median_index": 0,
   "average_index": 0
  },
  {
   "id": 11,
   "event_attribute": "CHICAGO Offense",
   "Pattern": "CHICAGO Offense",
   "value": 7058,
   "median_index": 0.0,
   "average_index": 0.0
  },
  {
   "id": 13,
   "event_attribute": "Opponent Offense",
   "Pattern": "CHICAGO Offense-Opponent Offense",
   "value": 7058,
   "median_index": 3.0,
   "average_index": 3.0617738736185887
  },
  {
   "id": 15,
   "event_attribute": "Defensive Rebound",
   "Pattern": "CHICAGO Offense-Opponent Offense-Defensive Rebound",
   "value": 2514,
   "median_index": 4.0,
   "average_index": 4.212927413793609
  },
  {
   "id": 17,
   "event_attribute": "Made Shot - 2",
   "Pattern": "CHICAGO Offense-Made Shot - 2-Opponent Offense",
   "value": 2225,
   "median_index": 2.0,
   "average_index": 1.9869662921348314
  },
  {
   "id": 19,
   "event_attribute": "Missed Shot - 2",
   "Pattern": "CHICAGO Offense-Missed Shot - 2-Opponent Offense-Defensive Rebound",
   "value": 1610,
   "median_index": 2.0,
   "average_index": 1.7180124223602484
  },
  {
   "id": 26,
   "event_attribute": "Exit",
   "Pattern": "CHICAGO Offense-Opponent Offense",
   "value": 2319,
   "median_index": 4.0,
   "average_index": 5.0022654648216935
  },
  {
   "id": 27,
   "event_attribute": "Exit",
   "Pattern": "CHICAGO Offense-Made Shot - 2-Opponent Offense",
   "value": 2225,
   "median_index": 4.0,
   "average_index": 4.804695221933195
  },
  {
   "id": 28,
   "event_attribute": "Exit",
   "Pattern": "CHICAGO Offense-Missed Shot - 2-Opponent Offense-Defensive Rebound",
   "value": 1610,
   "median_index": 5.0,
   "average_index": 6.1123062957811864
  }
 ],
 "links": [
  {
   "source": 9,
   "target": 11,
   "count": 7058,
   "length": 0.0
  },
  {
   "source": 11,
   "target": 13,
   "count": 3223,
   "length": 3.0617738736185887
  },
  {
   "source": 11,
   "target": 17,
   "count": 2225,
   "length": 1.9869662921348314
  },
  {
   "source": 11,
   "target": 19,
   "count": 1610,
   "length": 1.7180124223602484
  },
  {
   "source": 13,
   "target": 15,
   "count": 2514,
   "length": 1.15115354017502
  },
  {
   "source": 13,
   "target": 26,
   "count": 2319,
   "length": 1.9404915912031049
  },
  {
   "source": 13,
   "target": 27,
   "count": 2225,
   "length": 1.7429213483146067
  },
  {
   "source": 15,
   "target": 28,
   "count": 1610,
   "length": 1.8993788819875776
  },
  {
   "source": 17,
   "target": 13,
   "count": 615,
   "length": 2.987865168539326
  },
  {
   "source": 19,
   "target": 13,
   "count": 1610,
   "length": 3.0739130434782607
  }
 ]
}