{
 "event_attribute": "Start",
 "Pattern": "",
 "value": 7048,
 "median_index": 0,
 "average_index": 0,
 "children": [
  {
   "event_attribute": "Opponent Offense",
   "Pattern": "Opponent Offense",
   "value": 7048,
   "median_index": 0.0,
   "average_index": 0.0,
   "children": [
    {
     "event_attribute": "CHICAGO Offense",
     "Pattern": "Opponent Offense-CHICAGO Offense",
     "value": 7048,
     "median_index": 3.0,
     "average_index": 3.0161748013620886,
     "children": [
      {
       "event_attribute": "Defensive Rebound",
       "Pattern": "Opponent Offense-CHICAGO Offense-Defensive Rebound",
       "value": 2566,
       "median_index": 4.0,
       "average_index": 4.19193473900823,
       "children": [
        {
         "event_attribute": "Exit",
         "Pattern": "Opponent Offense-CHICAGO Offense-Defensive Rebound",
         "value": 2566,
         "median_index": 5.0,
         "average_index": 6.164265214456399,
         "children": []
        }
       ]
      },
      {
       "event_attribute": "Made Shot - 2",
       "Pattern": "Opponent Offense-CHICAGO Offense-Made Shot - 2",
       "value": 1417,
       "median_index": 4.0,
       "average_index": 4.824925683507466,
       "children": [
        {
         "event_attribute": "Exit",
         "Pattern": "Opponent Offense-CHICAGO Offense-Made Shot - 2",
         "value": 1417,
         "median_index": 4.0,
         "average_index": 5.0366405741214395,
         "children": []
        }
       ]
      },
      {
       "event_attribute": "Exit",
       "Pattern": "Opponent Offense-CHICAGO Offense",
       "value": 3065,
       "median_index": 4.0,
       "average_index": 4.823352615391452,
       "children": []
      }
     ]
    }
   ]
  }
 ]
}