{
 "event_attribute": "Start",
 "Pattern": "",
 "value": 7058,
 "median_index": 0,
 "average_index": 0,
 "children": [
  {
   "event_attribute": "CHICAGO Offense",
   "Pattern": "CHICAGO Offense",
   "value": 7058,
   "median_index": 0.0,
   "average_index": 0.0,
   "children": [
    {
     "event_attribute": "Opponent Offense",
     "Pattern": "CHICAGO Offense-Opponent Offense",
     "value": 7058,
     "median_index": 3.0,
     "average_index": 3.0617738736185887,
     "children": [
      {
       "event_attribute": "Defensive Rebound",
       "Pattern": "CHICAGO Offense-Opponent Offense-Defensive Rebound",
       "value": 2514,
       "median_index": 4.0,
       "average_index": 4.212927413793609,
       "children": [
        {
         "event_attribute": "Exit",
         "Pattern": "CHICAGO Offense-Opponent Offense-Defensive Rebound",
         "value": 2514,
         "median_index": 5.0,
         "average_index": 6.181901160810315,
         "children": []
        }
       ]
      },
      {
       "event_attribute": "Exit",
       "Pattern": "CHICAGO Offense-Opponent Offense",
       "value": 4544,
       "median_index": 4.0,
       "average_index": 4.905523873618589,
       "children": []
      }
     ]
    }
   ]
  }
 ]
}