{
 "nodes": [
  {
   "id": 12,
   "event_attribute": "",
   "Pattern": "",
   "value": 7048,
   "median_index": 0,
   "average_index": 0
  },
  {
   "id": 14,
   "event_attribute": "Opponent Offense",
   "Pattern": "Opponent Offense",
   "value": 7048,
   "median_index": 0.0,
   "average_index": 0.0
  },
  {
   "id": 16,
   "event_attribute": "CHICAGO Offense",
   "Pattern": "Opponent Offense-CHICAGO Offense",
   "value": 7048,
   "median_index": 3.0,
   "average_index": 3.0161748013620886
  },
  {
   "id": 18,
   "event_attribute": "Defensive Rebound",
   "Pattern": "Opponent Offense-CHICAGO Offense-Defensive Rebound",
   "value": 2566,
   "median_index": 4.0,
   "average_index": 4.19193473900823
  },
  {
   "id": 20,
   "event_attribute": "Made Shot - 2",
   "Pattern": "Opponent Offense-Made Shot - 2-CHICAGO Offense",
   "value": 2192,
   "median_index": 2.0,
   "average_index": 1.9397810218978102
  },
  {
   "id": 22,
   "event_attribute": "Missed Shot - 2",
   "Pattern": "Opponent Offense-Missed Shot - 2-CHICAGO Offense-Defensive Rebound",
   "value": 1594,
   "median_index": 2.0,
   "average_index": 1.6555834378920953
  },
  {
   "id": 29,
   "event_attribute": "Exit",
   "Pattern": "Opponent Offense-CHICAGO Offense",
   "value": 2290,
   "median_index": 4.0,
   "average_index": 4.955476111405757
  },
  {
   "id": 30,
   "event_attribute": "Exit",
   "Pattern": "Opponent Offense-Made Shot - 2-CHICAGO Offense",
   "value": 2192,
   "median_index": 4.0,
   "average_index": 4.823200348807344
  },
  {
   "id": 31,
   "event_attribute": "Exit",
   "Pattern": "Opponent Offense-Missed Shot - 2-CHICAGO Offense-Defensive Rebound",
   "value": 1594,
   "median_index": 5.0,
   "average_index": 6.075247160589159
  }
 ],
 "links": [
  {
   "source": 12,
   "target": 14,
   "count": 7048,
   "length": 0.0
  },
  {
   "source": 14,
   "target": 16,
   "count": 3262,
   "length": 3.0161748013620886
  },
  {
   "source": 14,
   "target": 20,
   "count": 2192,
   "length": 1.9397810218978102
  },
  {
   "source": 14,
   "target": 22,
   "count": 1594,
   "length": 1.6555834378920953
  },
  {
   "source": 16,
   "target": 18,
   "count": 2566,
   "length": 1.1757599376461418
  },
  {
   "source": 16,
   "target": 29,
   "count": 2290,
   "length": 1.939301310043668
  },
  {
   "source": 16,
   "target": 30,
   "count": 2192,
   "length": 1.8070255474452555
  },
  {
   "source": 18,
   "target": 31,
   "count": 1594,
   "length": 1.8833124215809285
  },
  {
   "source": 20,
   "target": 16,
   "count": 598,
   "length": 2.940693430656934
  },
  {
   "source": 22,
   "target": 16,
   "count": 1594,
   "length": 2.9247176913425346
  }
 ]
}