{
 "nodes": [
  {
   "id": 13,
   "event_attribute": "",
   "Pattern": "",
   "value": 6,
   "median_index": 0,
   "average_index": 0
  },
  {
   "id": 15,
   "event_attribute": "C",
   "Pattern": "C",
   "value": 4,
   "median_index": 0.0,
   "average_index": 0.5
  },
  {
   "id": 17,
   "event_attribute": "F",
   "Pattern": "C-F",
   "value": 2,
   "median_index": 2.5,
   "average_index": 3.0
  },
  {
   "id": 19,
   "event_attribute": "E",
   "Pattern": "E",
   "value": 2,
   "median_index": 2.0,
   "average_index": 2.0
  },
  {
   "id": 21,
   "event_attribute": "G",
   "Pattern": "C-F-G",
   "value": 2,
   "median_index": 4.0,
   "average_index": 4.5
  },
  {
   "id": 23,
   "event_attribute": "C",
   "Pattern": "C-C",
   "value": 2,
   "median_index": 2.0,
   "average_index": 2.5
  },
  {
   "id": 30,
   "event_attribute": "Exit",
   "Pattern": "E",
   "value": 2,
   "median_index": 3.5,
   "average_index": 3.5
  },
  {
   "id": 31,
   "event_attribute": "Exit",
   "Pattern": "C-F-G",
   "value": 2,
   "median_index": 5.0,
   "average_index": 5.5
  },
  {
   "id": 32,
   "event_attribute": "Exit",
   "Pattern": "C-C",
   "value": 2,
   "median_index": 4.0,
   "average_index": 4.5
  }
 ],
 "links": [
  {
   "source": 13,
   "target": 15,
   "count": 4,
   "length": 0.5
  },
  {
   "source": 13,
   "target": 19,
   "count": 2,
   "length": 2.0
  },
  {
   "source": 15,
   "target": 17,
   "count": 2,
   "length": 2.5
  },
  {
   "source": 15,
   "target": 23,
   "count": 2,
   "length": 2.0
  },
  {
   "source": 17,
   "target": 21,
   "count": 2,
   "length": 1.5
  },
  {
   "source": 19,
   "target": 30,
   "count": 2,
   "length": 1.5
  },
  {
   "source": 21,
   "target": 31,
   "count": 2,
   "length": 1.0
  },
  {
   "source": 23,
   "target": 32,
   "count": 2,
   "length": 2.0
  }
 ]
}