{
 "nodes": [
  {
   "id": 14,
   "event_attribute": "",
   "Pattern": "",
   "value": 215,
   "median_index": 0,
   "average_index": 0
  },
  {
   "id": 16,
   "event_attribute": "breathsoundstime",
   "Pattern": "breathsoundstime",
   "value": 214,
   "median_index": 1.0,
   "average_index": 1.2990654205607477
  },
  {
   "id": 18,
   "event_attribute": "gcstime",
   "Pattern": "breathsoundstime-gcstime",
   "value": 208,
   "median_index": 5.0,
   "average_index": 4.981757728253055
  },
  {
   "id": 20,
   "event_attribute": "distalpulsetime",
   "Pattern": "breathsoundstime-distalpulsetime-gcstime",
   "value": 182,
   "median_index": 2.0,
   "average_index": 2.678186299681627
  },
  {
   "id": 22,
   "event_attribute": "airwaytime",
   "Pattern": "airwaytime-breathsoundstime-distalpulsetime-gcstime",
   "value": 157,
   "median_index": 0.0,
   "average_index": 0.25477707006369427
  },
  {
   "id": 24,
   "event_attribute": "blankettime",
   "Pattern": "airwaytime-breathsoundstime-distalpulsetime-gcstime-blankettime",
   "value": 128,
   "median_index": 8.0,
   "average_index": 7.677070228253055
  },
  {
   "id": 26,
   "event_attribute": "startsecondary",
   "Pattern": "airwaytime-breathsoundstime-distalpulsetime-gcstime-startsecondary-blankettime",
   "value": 68,
   "median_index": 7.0,
   "average_index": 6.687640081194232
  },
  {
   "id": 31,
   "event_attribute": "Exit",
   "Pattern": "airwaytime-breathsoundstime-distalpulsetime-gcstime-startsecondary-blankettime",
   "value": 68,
   "median_index": 8.0,
   "average_index": 8.25059964001776
  },
  {
   "id": 32,
   "event_attribute": "Exit",
   "Pattern": "airwaytime-breathsoundstime-distalpulsetime-gcstime-blankettime",
   "value": 60,
   "median_index": 9.0,
   "average_index": 8.893736894919721
  }
 ],
 "links": [
  {
   "source": 14,
   "target": 22,
   "count": 157,
   "length": 0.25477707006369427
  },
  {
   "source": 16,
   "target": 20,
   "count": 182,
   "length": 1.379120879120879
  },
  {
   "source": 18,
   "target": 24,
   "count": 60,
   "length": 2.6953125
  },
  {
   "source": 18,
   "target": 26,
   "count": 68,
   "length": 1.7058823529411764
  },
  {
   "source": 20,
   "target": 18,
   "count": 182,
   "length": 3.7967032967032965
  },
  {
   "source": 22,
   "target": 16,
   "count": 157,
   "length": 1.4458598726114649
  },
  {
   "source": 24,
   "target": 31,
   "count": 68,
   "length": 0.5735294117647058
  },
  {
   "source": 24,
   "target": 32,
   "count": 60,
   "length": 1.2166666666666666
  },
  {
   "source": 26,
   "target": 24,
   "count": 68,
   "length": 3.4705882352941178
  }
 ]
}